STATE,YEAR,MAKE,MODEL,MODEL_NUMBER,LENGTH,AVERAGE_PRICE
Alabama,2006,Skyline,Layton,M247LTD,27,10000
Alabama,2016,Coachmen,Liberty Edition,292BDHS,33,17000
Alabama,2017,Coleman,Lantern,262BH,30,13500
Alabama,2018,Shasta,Oasis,18BH,22,7300
Alabama,2020,Prime Time,Avenger,32QBI,38,33000
Alabama,2021,Cherokee,Alpha Wolf,26RL-L,34,22000
Alabama,2021,Crossroads,Cruiser,3851BL,42,39000
Alabama,2021,Heartland,Sundance,231ML,27,18000
Alabama,2022,Cherokee,Arctic Wolf,3660Suite,44,38000
Alabama,2022,Cruiser,Shadow,248RKS,29,19000
Alabama,2022,Forest River,Wildwood,31KQBTS,37,28000
Alabama,2022,Forest River,Sabre,37FLH,42,90000
Alabama,2022,Grand Design,Reflection,312BHTS,37,37500
Alabama,2022,Heartland,Prowler,250BH,30,14000
Alabama,2022,Jayco,Jay Flight SLX,265RLS,31,17000
Alabama,2022,Keystone,Aspen Trail,25BH,29,14000
Alabama,2022,Jayco,Jay Flight SLX,324BDS,36,38000
Alabama,2022,Grand Design,Reflection,295RL,32,48000
Alabama,2022,Forest River,Wildwood,31KQBTS,37,28000
Alabama,2022,Forest River,Surveyor,19MBLE,22,25000
Alabama,2023,Forest River,Cherokee Arctic Wolf,3550SUITE,38,38500
Alabama,2023,Keystone,Coleman,17B,22,12000
Alabama,2023,Forest River,Rockwood Ultra Lite,2706WS,32,42000
Alabama,2023,Forest River,Flagstaff Micro Lite,21DS,22,31000
Alabama,2025,Forest River,Cherokee,294GEBG,36,39000
Alaska,2012,Winnebago,Chalet,31JR,30,52000
Alaska,2014,Thor Motor Coach,Tuscany XTE,40EX,40,110000
Alaska,2016,Winnebago,Via,25Q,25,93000
Alaska,2017,Jayco,Jay Flight,296QBSW,35,20000
Alaska,2017,Coachman,Freelander,20CB,20,39000
Alaska,2018,Redwood,Redwood 5th Wheel,3821RL,40,60000
Alaska,2018,Keystone,Springdale,SM2600TB,26,20000
Alaska,2018,Keystone,Montana High Country 5th Wheel,379RD,30,47000
Alaska,2020,Crossroads,Zinger Lite,ZR229RB,26,18000
Alaska,2020,Crossroads,Sunset Trail Super Lite,331BH,33,30000
Alaska,2020,Winnebago,Minnie Winnie,25B,25,68000
Alaska,2020,Winnebago,Winnie Minnie,31H,31,72000
Alaska,2020,Coachmen,Leprechaun,220QB,24,52000
Alaska,2020,Forest River,Berkshire XLT,43C,42,290000
Alaska,2021,K-Z,Connect SE,241BHKSE,25,35000
Alaska,2022,Forest River,Salem FSX,280RT,28,38000
Alaska,2022,Keystone,Springdale,282BH,28,45000
Alaska,2023,Forest River,Sunseeker,2350LE,23,82000
Alaska,2023,Winnebago,Minnie Winnie,31H,30,90000
Alaska,2024,Jayco,Baja,195RBW,19,26000
Alaska,2024,Coleman,Lantern,274BH,28,30000
Alaska,2024,Outdoors,Black Stone Mountain Series,280RKS,34,75000
Alaska,2024,Outdoors,Timber Ridge,26KVS,31,70000
Alaska,2025,Dutchmen,Kodiak Cub,160RB,20,40000
Alaska,2025,Forest River,Cherokee Wolf Pup,16BHS,21,30000
Arizona,2003,Ford,Tioga Fleetwood,E450,26,14000
Arizona,2007,Winnebago,Outlook,29B,29,26500
Arizona,2011,Jayco,Jay Flight,G225R,20,10000
Arizona,2012,Forest River,Sandstorm,T166SLC,16,8500
Arizona,2012,Gulf Stream,Visa,19ERD,22,11000
Arizona,2013,Heartland,Pioneer Series,M-25BH,29,8500
Arizona,2013,Keystone,Bullet,281BHS,20,12500
Arizona,2014,Jayco,White Hawk,24RKS,29,14000
Arizona,2015,Forest River,Sandpiper,346RETS,36,20500
Arizona,2015,Stellar,Eclipse,28IBLG,28,17500
Arizona,2018,Coachmen,Catalina Legacy Edition,29QBCK,29,19000
Arizona,2018,Heartland,Torque,TQT26,26,26000
Arizona,2020,Winnebago,Voyage,3235RL,35,21000
Arizona,2021,Coleman,Lantern,285BH,28,17500
Arizona,2021,Jayco,Jay Flight,224BHW,27,17000
Arizona,2021,Keystone,Passport,2500RK,25,18000
Arizona,2021,Heartland,Wilderness,2725BH,26,25000
Arizona,2021,Starcraft,Autumn Ridge,26BHS,30,19000
Arizona,2021,Forest River,EVO,T1850,18,20500
Arizona,2021,Heartland,Lithium,2414,29,23500
Arizona,2022,Vanleigh,Beacon,41LKB,41,100000
Arizona,2022,Heartland,Elkridge,32RLS,36,50000
Arizona,2023,Forest River,Surveyor Legend,19MDBLE,19,25000
Arizona,2023,Forest River,Rockwood GEO Pro,G19FBS,21,24000
Arizona,2024,Northwood,Nash,18FM,23,40000
Arkansas,2005,Jayco,Designer Legacy,31RLS,33,11500
Arkansas,2006,Keystone,Springdale,296BH,26,7000
Arkansas,2011,Passport,Ultra Lite,300BH,33,12500
Arkansas,2011,Four Winds,Windsport,30Q,31,19000
Arkansas,2011,Keystone,Sprinter,299BH,29,15000
Arkansas,2012,Heartland,North Trail,M-29lRSS,29,8500
Arkansas,2012,Forest River,Rockwood,2904SS,30,10500
Arkansas,2013,Jayco,Jay Flight Swift,294BHS,19,10000
Arkansas,2014,Jayco,Jay Flight,29QRB,29,12000
Arkansas,2014,Keystone,Bullet,248RKS,19,12000
Arkansas,2015,Forest River,Rockwood,2503S,26,13000
Arkansas,2016,Keystone,Bullet,2070BH,24,8500
Arkansas,2016,Forest River,Vibe,M268RKS,34,18000
Arkansas,2016,Jayco,Jay Flight SLX,267BHSW,25,11500
Arkansas,2016,Keystone,Hideout,178LHS,21,12000
Arkansas,2017,Keystone,Passport,199ML,21,17000
Arkansas,2018,Forest River,X-Lite,171RBXLL,22,9000
Arkansas,2018,Jayco,White Hawk,29BH,29,20000
Arkansas,2019,Cherokee,Grey Wolf,27DBS,32,15000
Arkansas,2019,Freedom,Express,192RBS,19,15000
Arkansas,2020,Keystone,Hideout,177LHS,21,10500
Arkansas,2021,Keystone,Hideout,177RD,17,12000
Arkansas,2021,Wildwood,Heritage Glen,310BHI,30,43000
Arkansas,2022,Thor Motor Coach,Coleman,27CM,27,90000
Arkansas,2023,Grand Design,Transcend,200MK,19,19500
California,2003,Tiffin,Allegro,M-33DA,34,13500
California,2005,Beaver,Monterey,237TS,20,7000
California,2005,Jayco,Greyhawk,31SS,30,18000
California,2006,Springdale,5th Wheel,280RKL,20,8500
California,2006,Dutchmen,Victory Lane,35SRV,40,13000
California,2012,Coleman,Camper,259RE,25,12500
California,2013,Keystone,Springdale,SG294BHSSR,30,13000
California,2013,Forest River,Wildcat Extralite,T27FLS,27,14000
California,2013,Jayco,Jay Flight,25RKS,25,13000
California,2014,Heartland,Sundance,245,28,13000
California,2015,Rockwood,Mini Lite,2104S,21,7000
California,2015,Forest River,Grey Wolf,26 RL,26,15500
California,2015,Wildwood,X-Lite,T281QBXLL,28,16000
California,2015,Jayco,Jay Flight,26RKS,26,8000
California,2016,Jayco,Jay Feather,X254,27,13000
California,2016,Coachmen,Freelander,27QB,27,33000
California,2017,Jayco,Jay Flight SLX Baja,175RD,17,11500
California,2017,Forest River,Sonoma,240RBS,27,14000
California,2018,Coachmen,Leprechaun,260QB,26,47500
California,2020,Thor Motor Coach,Magnitude Super C,XG32,32,160000
California,2020,Entegra Coach,Accolade,37L,37,12000
California,2021,Keystone,Bullet Crossfire,1700BH,22,15500
California,2021,Keystone,Springdale,1760BH,17,12000
California,2022,Keystone,Aspen Trail,17BH,17,11000
California,2022,Tiffin Motorhomes,Allegro Red,33AL,34,200000
Colorado,2000,Fleetwood,Jamboree,31W,30,21000
Colorado,2004,Keystone,Challenger 5th Wheel,29RKP,29,9000
Colorado,2005,KZ,Durango,315RK,31,10000
Colorado,2006,Cruiser,Fun Runner,189FBR,18,6500
Colorado,2007,Keystone,Sprinter,311BHS,35,15500
Colorado,2007,Pilgrim International,Cirrus,24CRB,24,6500
Colorado,2009,Mckenzie,Ion,210QB,21,8500
Colorado,2011,Keystone,Cougar 5th Wheel,276RLSWE,29,17000
Colorado,2011,Rockwood,Mini Lite,2304S,26,9500
Colorado,2013,Thor,Chateau,28A,30,29000
Colorado,2014,Keystone,Fireside,Fs19RBBH,19,10000
Colorado,2015,Keystone,Hideout,175LHS,15,11000
Colorado,2015,Launch,Ultra Lite Starcraft,28B,31,12000
Colorado,2016,Forest River,Flagstaff Micro Lite,21FBRS,21,13500
Colorado,2016,Winnebago,Mini,2351,25,14000
Colorado,2016,Forest River,Flagstaff Micro Lite,21FBRS,21,13000
Colorado,2017,Jayco,Jay Flight SLX,195RB,19,9000
Colorado,2018,Forest River,Sandpiper,379FLOK,36,20000
Colorado,2019,Keystone,Springdale,1750RD,21,11000
Colorado,2019,Forest River,Cherokee Wolf Pup,18RJB,18,15000
Colorado,2021,Keystone,Springdale,1740RK,17,11000
Colorado,2021,Keystone,Bullet,250HBS,25,21000
Colorado,2022,Coachmen,Apex Ultra Lite,266BHS,33,35000
Colorado,2023,Keystone,Coleman,17B,17,9000
Colorado,2023,Dutchmen,Aspen Trail,17BH,21,18000
Connecticut,2001,Carriage,Cameo LXI,F32RIK,32,6500
Connecticut,2002,Forest River,Georgetown,M-0306S,30,10000
Connecticut,2004,Palomino,Stampede,S-246,24,3500
Connecticut,2005,Travel Star,Hybrid,21SB,21,5500
Connecticut,2008,Jayco,Jay Flight,27RBS,27,7500
Connecticut,2009,Cougar,Keystone,29RLS,29,4000
Connecticut,2011,Viking,Apex,22QBS,22,10000
Connecticut,2012,Jayco,Jay Flight,28BHS,28,9000
Connecticut,2012,Skyline,Layton,M-249,26,8000
Connecticut,2012,Keystone,Bullet Ultra-Lite,281BHS,31,9500
Connecticut,2015,Keystone,Bullet,243BHS,23,16000
Connecticut,2015,Forest River,Salem,M272RLIS,34,16000
Connecticut,2015,KZ,Sportsmen,17FKTH,17,9000
Connecticut,2015,FlagStaff,Micro Lite,25BHS,25,10500
Connecticut,2016,Jayco,Jay Flight,185RB,18,6000
Connecticut,2017,Jayco,Jay Flight,287BHSW,28,17500
Connecticut,2017,Forest River,Wildwood,29FKBSf,29,14000
Connecticut,2018,Starcraft,Autumn Ridge Outfitter,31BHU,31,18000
Connecticut,2018,Thor Motor Coach,Chateau,27R,29,92000
Connecticut,2018,Forest River,Wildwood Xlite,171RBXL,17,10000
Connecticut,2020,Heartland,North Trail,24BHS,24,14000
Connecticut,2021,Jayco,Jayfeather Micro,12SRK,12,5000
Connecticut,2022,Keystone,Hideout,28RKS,28,22000
Connecticut,2023,Entegra Coach,Odyssey,26M,29,95000
Connecticut,2025,Alliance,Delta,321BH,34,64000
Delaware,2007,Winnebago,Vista,WFE33T,33,30000
Delaware,2015,Thor Motor Coach,Siesta Sprinter,24SR,24,60000
Delaware,2015,Keystone,Outback,312BH,35,20000
Delaware,2016,Forest River,Salem Hemisphere,312QBUD,35,20000
Delaware,2017,Forest River,Wildwood X-Lite,186RB,22,14000
Delaware,2018,Coachmen,Prism,2150,25,67000
Delaware,2018,Keystone,Cougar Xlite,25RES,28,28000
Delaware,2018,Keystone,Premier,29RKPR,33,20000
Delaware,2018,Forest River,Wildwood Glen,24BHHL,27,19000
Delaware,2018,Coachmen,Apex Ultra-Lite,250RLS,29,15000
Delaware,2020,Coachmen,Freelander,21QB,24,55000
Delaware,2020,Forest River,Wildwood Glen Elite,34RL,39,36000
Delaware,2020,Dutchmen,Kodiak Ultra-Lite,296BHSL,33,20000
Delaware,2021,Crossroads,Volante,Vl310BH,35,30000
Delaware,2021,Forest River,Flagstaff Classic,8529IKSB,36,36000
Delaware,2021,Forest River,Sabre,37FLH,42,40000
Delaware,2021,Venture,Sonic,Sn231VRK,26,19000
Delaware,2021,Forest River,Rockwood Geo Pro,G20BHS,21,16000
Delaware,2021,Dutchmen,Aspen Trail LE,25BH,28,16000
Delaware,2022,East To West,Alta,2350KRK,28,23000
Delaware,2022,Forest River,Wildwood X-Lite,24RLXL,28,20000
Delaware,2022,Forest River,Wildwood X-Lite,24RLXL,23,20000
Delaware,2022,Jayco,Jay Flight,SlX8212QB,25,16000
Delaware,2022,Keystone,Cougar Half-Ton,22RBS,25,24000
Delaware,2024,Jayco,Eagle,25RUC,29,35000
Florida,2009,Sundowner,Sun Lite,7208014,19,45000
Florida,2015,Coachmen,Clipper Ultra-Lite,17RD,22,10000
Florida,2016,Forest River,Flagstaff Micro Lite,19FD,20,11000
Florida,2017,Forest River,Georgetown,31R5,34,68000
Florida,2017,Pacific Coachworks,Panther Mini,14RBS,19,13500
Florida,2018,Winnebago,Vista,29VE,30,70000
Florida,2018,Forest River,Rockwood Geo Pro,12RK,11,12000
Florida,2019,Grand Design,Imagine,2150RB,26,20000
Florida,2019,Dutchmen,Coleman Light LX,1705RB,22,14000
Florida,2021,Dutchmen,Voltage,3845,42,64000
Florida,2021,Jayco,Seneca,37K,39,180000
Florida,2022,Grand Design,Imagine,2400BH,28,25000
Florida,2022,Dutchmen,Coleman,17B,21,13500
Florida,2023,Keystone,Alpine,3102RL,35,62000
Florida,2023,Jayco,Jay Feather,24RL,28,28000
Florida,2023,Forest River,Salem,26RBS,31,30000
Florida,2023,Keystone,Arcadia,332SLRL,33,46000
Florida,2023,Forest River,Riverstone,45BATH,45,115000
Florida,2023,Winnebago,Hike 100,H1316SB,16,22000
Florida,2023,Dutchmen,Coleman,17B,21,13000
Florida,2024,Grand,Design Imagine,2800BH,32,42000
Florida,2024,Alliance,Avenue,38DBL,41,80000
Florida,2024,Dutchmen,Kodiak,3371FLSL,37,47000
Florida,2024,Forest River,Cherokee Wolf Den,16EV,22,20000
Florida,2025,Tiffin,Wayfarer,25RW,25,170000
Georgia,2018,Coachmen,Apex Ultra-Lite,288BHS,31,14000
Georgia,2019,Coachmen,Apex Nano,187RB,21,13000
Georgia,2019,Coachmen,Catalina SBX,261BHS,30,17000
Georgia,2019,Forest River,Wildwood X-Lite,T177BHFSX,22,10000
Georgia,2019,Grand Design,Momentum,351M,38,40000
Georgia,2019,Grand Design,Transcend,31RLS,36,20000
Georgia,2019,Highland Ridge,Open Range Conventional,OT26BH,30,10000
Georgia,2020,Coachmen,Apex Nano,245BHS,27,20000
Georgia,2020,Dutchmen,Aspen Trail LE,26BH,30,17000
Georgia,2020,Thor Motor Coach,Quantum,WS31,32,60000
Georgia,2021,Chinook,RPM Extreme,26FB,30,20000
Georgia,2021,Coachmen,Apex Nano,194BHS,22,15000
Georgia,2021,Coachmen,Freedom Express Select,31SE,35,20000
Georgia,2021,Dutchmen,Aspen Trail LE,26BH,30,17000
Georgia,2021,Forest River,Rockwood Mini Lite,2104S,22,16000
Georgia,2021,Forest River,Salem Cruise Lite West,T177BHFSX,22,15000
Georgia,2021,Forest River,Wildwood X-Lite Northwest,282QBXL,33,25000
Georgia,2021,Grand Design,Transcend Xplor,221RB,26,22000
Georgia,2022,Coachmen,Viking LS,1706XLS,17,8000
Georgia,2022,Cruiser,MPG,2720BH,31,22000
Georgia,2022,Dutchmen,Aspen Trail LE,1950BH,23,12000
Georgia,2022,Forest River,Cherokee Wolf Pup,16BHS,21,12000
Georgia,2022,Grand Design,Imagine,2400BH,28,28000
Georgia,2022,Heartland,Pioneer,SS171,22,20000
Georgia,2023,KZ,Spree Escape,18HATCH,22,16000
Hawaii,2010,DRV,36 RES,TRAXX1,36,20000
Hawaii,2016,Thor Motor Coach,A.C.E.,303,28,60000
Hawaii,2020,Thor Motor Coach,Four Winds,30D,30,110000
Hawaii,2022,Thor Motor Coach,Chateau,22E,24,65000
Hawaii,2023,Forest River,FR3,30DS,35,100000
Hawaii,2023,Riverside,Intrepid,240BHI,24,33000
Hawaii,2024,Acela,Monterra,Gl6X6,36,20000
Hawaii,2024,Adams Trailers,Julite,710A-DR,32,58000
Hawaii,2024,Adirondack,Fifth Wheel Series,27Rl-M5,27,27000
Hawaii,2024,Adirondack,Fifth Wheel Series,28BH-M5,28,16000
Idaho,2013,Winnebago,Lite Five,28FWBHS,32,19000
Idaho,2015,Keystone,Springdale,260TBWE,28,15000
Idaho,2018,Forest River,Forester,2401W,24,75000
Idaho,2020,Heartland,Wilderness,2775RB,31,25000
Idaho,2021,Forest River,Flagstaff,207SE,20,11000
Idaho,2021,Prime Time,Avenger LT,22BH,26,11000
Idaho,2021,Black Series,Travel Trailer,HQ15,15,35000
Idaho,2021,Black Series,Travel Trailer,HQ19,26,43000
Idaho,2021,Black Series,Travel Trailer,HQ21,28,52000
Idaho,2022,Jayco,Jay Flight SLX,174BH,17,15500
Idaho,2022,Mirage,Hardcore,7X16,20,28000
Idaho,2022,Forest River,Flagstaff Shamrock,233S,29,26000
Idaho,2022,Forest River,Ibex,19QTH,26,28000
Idaho,2022,Grand Design,Momentum G Class TT,23G,28,47000
Idaho,2022,Heartland,Big Country,3460GK,38,65000
Idaho,2022,Keystone,Montana,3813MS,40,70000
Idaho,2022,Heartland,Big Country,3703RK,41,70000
Idaho,2023,Starcraft,Autumn Ridge West,20MB,24,20000
Idaho,2023,Forest River,Flagstaff Hard Side,T21DMHW,21,20000
Idaho,2023,Keystone,Hideout,175BH,17,15500
Idaho,2023,Venture,Sonic,Sn231VRL,26,27000
Idaho,2023,Imperial Outdoors,Xplore,X145,21,70000
Idaho,2024,Forest River,Flagstaff E-Pro,E20FKS,21,30500
Idaho,2024,Forest River,Flagstaff Micro Lite,22FBS,23,37000
Idaho,2025,Heartland,Eddie Bauer,17BH,17,12500
Illinois,2011,Forest River,Flagstaff Classic,829BHSS,32,12000
Illinois,2013,Forest River,Surveyor Sport,SP275,30,9000
Illinois,2017,Forest River,Flagstaff Micro Lite,21DS,22,10500
Illinois,2018,Heartland,Bighorn,3760EL,41,53000
Illinois,2018,Thor Motor Coach,Windsport,34R,36,65000
Illinois,2018,Forest River,R-Pod,RP179,20,9000
Illinois,2019,Highland Ridge,Mesa Ridge Lite,MR2410RL,28,18000
Illinois,2019,Highland Ridge,Open Range 3X,387RBS,42,50000
Illinois,2019,Jayco,North Point,375BHFS,43,52000
Illinois,2020,Forest River,Flagstaff Classic,8320KSB,37,33000
Illinois,2020,Palomino,Puma XLE Lite,25RBSC,30,19000
Illinois,2020,Forest River,Flagstaff Series,206LTD,14,6000
Illinois,2020,Forest River,Ozark,2700TH,32,21000
Illinois,2021,Forest River,Cherokee Alpha Wolf,22SW-L,27,25000
Illinois,2021,Forest River,Cherokee Grey Wolf,22MKSE,27,16000
Illinois,2021,Palomino,SolAire Ultra Lite,258RBSS,33,22000
Illinois,2021,Forest River,Flagstaff Super Lite,524EWS,29,26000
Illinois,2022,Forest River,R-Pod,RP-192,22,21000
Illinois,2022,Forest River,Salem FSX,169RSK,23,20000
Illinois,2022,Palomino,Puma XLE Lite,25RBSC,30,21000
Illinois,2022,Forest River,Flagstaff Super Lite,529IKRL,36,46500
Illinois,2023,Forest River,Flagstaff,HW29SC,33,22000
Illinois,2023,Forest River,Flagstaff,HW29SC,23,19000
Illinois,2024,Dutchmen,Coleman,17B,21,15000
Illinois,2024,Forest River,Wildwood FSX,178BHSKX,23,20000
Indiana,2014,Keystone,Fuzion Chrome,404,40,47000
Indiana,2016,Forest River,Wildwood Heritage,282RK,28,22000
Indiana,2017,Forest River,Rockwood,1905,19,18000
Indiana,2018,Forest River,Vengeance,395KB,39,55000
Indiana,2018,Forest River,Vengeance,395KB,28,45000
Indiana,2018,Keystone,Hideout,175lHS,17,30000
Indiana,2018,Nexus,Viper,29V,29,60000
Indiana,2019,DRV,Full House,LX455,45,100000
Indiana,2019,Heartland,Trail Runner,25SLE,25,12000
Indiana,2020,Forest River,Cherokee,274WK,27,26000
Indiana,2020,Grand Design,Transcend,26RLS,26,27000
Indiana,2020,Forest River,Cherokee Wolf Pup,16BHS,16,15000
Indiana,2021,Forest River,Ozark Ascent,1660FQX,16,20000
Indiana,2021,Forest River,Flagstaff Micro Lite,25FKS,25,25000
Indiana,2021,Forest River,R-Pod,RP193,19,23000
Indiana,2021,Forest River,Rockwood,2506S,25,29000
Indiana,2022,Forest River,Cherokee Wolf Pup,16PF,16,27000
Indiana,2022,Cruiser,Hitch,18BHS,18,20000
Indiana,2022,Riverside,Retro,165,16,18000
Indiana,2022,Riverside,Retro,211,21,24000
Indiana,2022,Riverside,Intrepid,135,13,18000
Indiana,2023,Coachmen,Catalina Summit,184BHS,18,25000
Indiana,2023,Forest River,Grand Surveyor,267RBSS,26,40000
Indiana,2023,Grand Design,Reflection,226RK,22,42000
Indiana,2024,Coachmen,Freedom Express,17BL,17,30000
Iowa,2005,Keystone,Hornet,29BH,30,12000
Iowa,2006,KZ,Inc Montego Bay,36IKB,36,15000
Iowa,2010,Jayco,Jay Feather,23B,24,9000
Iowa,2014,Forest River,Salem Cruise Lite,241BHXL,26,13000
Iowa,2016,Cruiser,Shadow Cruiser,260BHS,28,23000
Iowa,2017,Gulf Stream,Coach Conquest,6314,31,55000
Iowa,2017,Highland Ridge,Open Range Roamer,337RLS,34,31000
Iowa,2018,Forest River,Salem,32BHDS,35,18000
Iowa,2018,KZ,Inc Sportsmen LE,271BHLE,31,15000
Iowa,2020,Coachmen,Chaparral,392MBL,41,40000
Iowa,2020,Dutchmen,Astoria,2773RB,31,25000
Iowa,2020,Dutchmen,Atlas,3202BH,36,24000
Iowa,2021,Forest River,Wildwood FSX,280RT,32,26000
Iowa,2021,Jayco,Pinnacle,36KPTS,41,63000
Iowa,2022,Crossroads,Zinger,18BH,22,14000
Iowa,2022,Dutchmen,Kodiak Ultra Lite,250BHSL,29,28000
Iowa,2022,Forest River,Cherokee Wolf Pup,17JG,23,18000
Iowa,2022,Forest River,Flagstaff E-Pro,20BHS,21,18000
Iowa,2022,Forest River,Ozark,1620BHLE,20,14000
Iowa,2022,Forest River,Vengeance,25V,30,39000
Iowa,2022,Grand Design,Solitude S Class,3460FL,37,72000
Iowa,2022,Heartland,North Trail Ultra,24BHS,27,25000
Iowa,2023,Heartland,Prowler,271SBR,32,23000
Iowa,2024,Jayco,Jay Flight SLX,210QB,26,26000
Iowa,2024,Forest River,Rockwood Ultra Lite,2608BS,29,43000
Kansas,2015,Rockwood,Signature,8329SS,35,20000
Kansas,2016,Forest River,Wildcat,327CK,37,23000
Kansas,2018,Heartland,Big Country,3560SS,39,35000
Kansas,2019,Grand Design,Imagine XLS,18RBE,22,20000
Kansas,2019,Dutchmen,Aerolite,2573BH,30,23000
Kansas,2019,Jayco,Hummingbird,10RK,13,13000
Kansas,2020,Jayco,Jay Flight,264BH,30,17000
Kansas,2020,Keystone,Passport,2521RLWE,30,29000
Kansas,2020,Keystone,Outback Ultra Lite,301UBH,35,33000
Kansas,2021,Forest River,Cherokee Wolf Pup,16FQ,22,22500
Kansas,2021,Coachmen,Freedom Express Ultra,259FKDS,30,33000
Kansas,2021,Grand Design,Imagine,3100RD,36,40000
Kansas,2021,Grand Design,Imagine,2800BH,32,40000
Kansas,2021,Forest River,Salem,29VBUD,36,27000
Kansas,2022,Gulf Stream,Ameri-Lite Super Lite,197BH,22,24000
Kansas,2022,Grand Design,Imagine,2910BH,34,40000
Kansas,2022,Jayco,Jay Flight SLX 8,264BH,29,20000
Kansas,2022,Jayco,Jay Feather,24RL,29,25000
Kansas,2023,Forest River,Ozark,1530VBK,18,18500
Kansas,2023,Forest River,Salem FSX,179DBK,22,22000
Kansas,2023,Forest River,Salem,26RBSX,31,30000
Kansas,2023,Palomino,Puma Ultra Lite,18SSX,26,26000
Kansas,2023,Grand Design,Transcend Xplor,261BH,31,30000
Kansas,2023,Grand Design,Imagine XLS,25BHE,30,37000
Kansas,2025,Jayco,Jay Feather Micro,166FBS,20,27000
Kentucky,2008,Winnebago,Journey,39Z,39,80000
Kentucky,2015,Keystone,Raptor,412TS,42,38500
Kentucky,2016,Keystone,Premier Ultra Lite,26RBPR,31,13000
Kentucky,2018,Keystone,Montana,3790RD,40,20000
Kentucky,2018,Heartland,Gateway,3200RLS,36,37000
Kentucky,2019,Forest River,Cherokee Wolf Pack,25PACK12,38,23500
Kentucky,2019,Forest River,Salem Hemisphere GLX,269RL,33,22000
Kentucky,2019,Forest River,Rockwood Ultra Lite,2707WS,32,25500
Kentucky,2019,KZ,Venom,V4012TK,44,75000
Kentucky,2020,Forest River,Sandpiper,372lOK,42,45500
Kentucky,2020,Dutchmen,Aspen Trail,2740BH,32,14500
Kentucky,2020,Crossroads,Sunset Trail,SS253RB,30,22000
Kentucky,2021,Keystone,Avalanche,378BH,41,40000
Kentucky,2021,Grand Design,Solitude,345GK,37,50000
Kentucky,2021,KZ,Sportsmen Se,301DBSE,33,22000
Kentucky,2021,Jayco,Eagle Ht,280RSOK,36,31000
Kentucky,2021,Forest River,Xlr Nitro,33DK5,42,44000
Kentucky,2022,Dutchmen,Astoria,3603lFP,41,46000
Kentucky,2022,Forest River,Fr3,33DS,35,83000
Kentucky,2022,Heartland,North Trail,33RETS,40,32000
Kentucky,2022,Forest River,Rockwood Signature Ultra,8263MBR,30,35000
Kentucky,2023,Heartland,Trail Runner,31DB,37,26000
Kentucky,2023,Riverside Rv,Xplorer,511X,13,10000
Kentucky,2024,Grand Design,Imagine XLS,24BSE,29,26500
Kentucky,2024,Forest River,Rockwood Signature,8332SB,37,50000
Louisiana,2015,Forest River,Thunderbolt,380AMP,42,25000
Louisiana,2016,Prime Time,Crusader,360BHS,40,23000
Louisiana,2017,Prime Time,Crusader Lite,27RK,32,17500
Louisiana,2017,Fleetwood,Bounder,36H,36,55000
Louisiana,2018,Keystone,Fuzion,371,38,47000
Louisiana,2019,Forest River,Heritage Glen,378FL,43,35000
Louisiana,2020,KZ,Sportsmen,231RK,25,16500
Louisiana,2020,Highland Ridge,Open Range,314RLS,36,38000
Louisiana,2020,Forest River,Vengeance Rogue Armored,351A13,43,48000
Louisiana,2021,Heartland,Prowler,320BH,36,19000
Louisiana,2021,Venture,Sonic,Sn220VBH,26,20000
Louisiana,2022,Sunset Park,Rush,24FB,25,18500
Louisiana,2022,Venture,Sonic,190VRB,23,16000
Louisiana,2022,Keystone,Carbon,358,38,50000
Louisiana,2022,Grand Design,Transcend,255FK,31,19000
Louisiana,2022,East To West,Alta,1900MMK,25,18000
Louisiana,2022,Forest River,Rockwood Signature Ultra,8291RK,37,47000
Louisiana,2022,Forest River,Rockwood Ultra Lite,2881S,33,35000
Louisiana,2023,Jayco,Jay Feather,19MRK,24,25000
Louisiana,2023,Forest River,Rockwood Ultra Lite,2608BS,29,34000
Louisiana,2023,Keystone,Passport Grand Touring East,2400RB,29,27000
Louisiana,2023,Forest River,Rockwood Mini Lite,2516S,26,29000
Louisiana,2024,Jayco,White Hawk,27RB,32,34000
Louisiana,2024,Jayco,Jay Feather,21MML,26,27000
Louisiana,2024,Forest River,Rockwood Geo Pro,19FD,20,22000
Maine,2011,Palomino,Puma,30-DBSS,33,10000
Maine,2013,Jayco,Jay Flight,32BHDS,35,14000
Maine,2014,Keystone,Outback,316RL,36,19000
Maine,2016,Evergreen,I-Go,G314BDS,35,18000
Maine,2017,Starcraft,Ar-One Maxx,21FB,25,18000
Maine,2017,Keystone,Premier Ultra Lite,22RBPR,26,24000
Maine,2017,Keystone,Premier Ultra Lite,22RBPR,32,26000
Maine,2018,Forest River,Cherokee,274DBH,32,20000
Maine,2020,Forest River,Salem FSX,260RT,28,22000
Maine,2021,Forest River,Cherokee Grey Wolf,26MBRR,34,26000
Maine,2021,Palomino,Puma Ultra Lite,12FBX,18,13000
Maine,2021,Forest River,Cherokee Wolf Pup,18TO,23,16000
Maine,2021,Gulf Stream,Vintage Cruiser,23RSS,26,21000
Maine,2021,Venture,Sonic,SN210VTB,25,21000
Maine,2022,Forest River,Cherokee Wolf Pup,16FQ,21,18000
Maine,2022,Venture,Sonic Lite,Sl169VMK,21,20000
Maine,2022,Forest River,Rockwood Geo Pro,G19FBS,21,24000
Maine,2022,Coachmen,Catalina Legacy,243RBS,29,27000
Maine,2022,Coachmen,Catalina Legacy,243RBS,33,27000
Maine,2022,KZ,Sportsmen Classic,160RBT,19,16000
Maine,2023,Dutchmen,Coleman,17B,21,15000
Maine,2023,Forest River,Cherokee Wolf Pup,16FQBL,22,22000
Maine,2024,Keystone,Fuzion Impact Edition,2915,33,36000
Maine,2024,Shasta,Compact,16RE,16,17000
Maine,2024,Forest River,Wildwood FSX,167RBK,22,21000
Maryland,2008,Winnebago,Vista,32K,33,30000
Maryland,2011,Newmar,Ventana,3962,39,95000
Maryland,2011,Winnebago,View,24K,24,70000
Maryland,2013,Winnebago,Vista,30T,31,50000
Maryland,2013,Keystone,Sydney,331FRK,36,17000
Maryland,2014,Winnebago,Adventurer,38Q,39,65000
Maryland,2014,Coach House,Platinum II,241XLDT,26,100000
Maryland,2015,Prime Time,Crusader,260RLD,30,17000
Maryland,2015,Keystone,Hideout,31RBDS,36,10000
Maryland,2016,Keystone,Montana High Country,340BH,41,30000
Maryland,2017,Keystone,Raptor,355TS,39,70000
Maryland,2018,Nexus,Bentley,34B,36,130000
Maryland,2018,Forest River,Vengeance,348A13,41,50000
Maryland,2019,Grand Design,Reflection 150 Series,230RL,28,29000
Maryland,2019,Grand Design,Reflection,311BHS,37,39000
Maryland,2020,Winnebago,Vita,24F,24,100000
Maryland,2021,Forest River,Impression,320FL,40,31000
Maryland,2022,Thor Motor Coach,Challenger,37FH,39,150000
Maryland,2022,Thor Motor Coach,Outlaw,38MB,40,170000
Maryland,2022,Forest River,Sierra,391FLRB,44,60000
Maryland,2023,Winnebago,Minnie Winnie,31H,33,100000
Maryland,2024,Coachmen,Chaparral,375BAF,42,50000
Maryland,2024,Winnebago,Minnie Winnie,25B,26,85000
Maryland,2024,Winnebago,Minnie Winnie,31K,33,110000
Maryland,2024,Grand Design,Momentum M-Class,395MS,44,105000
Massachusetts,2006,DoubleTree,Mobile Suite,38RL,38,19000
Massachusetts,2007,Gulfstream,Kingsport,301TB,33,7000
Massachusetts,2011,Crossroads,Seville,35RL,38,20000
Massachusetts,2011,Heartland,North Country Lakeside,291RKS,33,16000
Massachusetts,2011,Winnebago,Vista,26P,26,25000
Massachusetts,2012,Crossroads,Cruiser,CF27RLX,29,10000
Massachusetts,2012,Evergreen,Ever-Lite,34BH-DS,34,19000
Massachusetts,2013,Keystone,Passport,195RB,23,10000
Massachusetts,2014,Starcraft,Outfitter Autumn Ridge,315RKS,37,14000
Massachusetts,2015,Keystone,Montana,3610RL,38,38000
Massachusetts,2016,Heartland,Bighorn,3570RS,38,40000
Massachusetts,2016,Keystone,Cougar Xlite,28RLS,31,20000
Massachusetts,2016,Starcraft,Launch Ultra Lite,24RLS,28,17000
Massachusetts,2017,Keystone,Alpine,3500RL,39,50000
Massachusetts,2017,Starcraft,Launch Grand Touring,265RLDS,32,25000
Massachusetts,2018,Keystone,Bullet,277BHS,31,22000
Massachusetts,2019,Forest River,Wildcat,312RLI,34,25000
Massachusetts,2020,Forest River,Flagstaff Micro Lite,25FKS,25,20000
Massachusetts,2020,Keystone,Bullet,331BHS,37,26000
Massachusetts,2021,ATC,Game Changer Pro,2419,24,50000
Massachusetts,2021,Coachmen,Apex Nano,20X,22,18000
Massachusetts,2021,Keystone,Springdale,1800,21,13000
Massachusetts,2022,KZ,Connect,C241RLK,28,2000
Massachusetts,2022,Keystone,Springdale,202RD,25,14500
Massachusetts,2023,KZ,Connect,C282FKK,32,37000
Michigan,2016,Coachmen,Apex Nano,172CKS,20,20000
Michigan,2016,Tiffin,Allegro,34PA,36,80000
Michigan,2016,Forest River,Cardinal,3850RL,41,40000
Michigan,2018,Highland Ridge,Open Range,OT324RES,38,30000
Michigan,2019,Jayco,Eagle,BHOK,36,24000
Michigan,2019,Keystone,Springdale Mini,1700FQ,21,10500
Michigan,2019,Forest River,Cherokee Grey Wolf,24JS,27,20000
Michigan,2020,Forest River,R-Pod,RP-179,20,16000
Michigan,2020,Forest River,Flagstaff E-Pro,E12SRK,12,13000
Michigan,2020,Forest River,Rockwood Mini Lite,2512S,26,23500
Michigan,2022,Palomino,Puma,253FBS,28,26000
Michigan,2022,Forest River,Cherokee Wolf Pack,23PACK15,34,44000
Michigan,2022,KZ,Sportsmen Classic,170MB,22,16500
Michigan,2022,Dutchmen,Kodiak Cub,175BH,21,19000
Michigan,2022,KZ,Sportsmen SE,301BHKSE,33,26000
Michigan,2022,Venture,Sporttrek,STT343VBH,38,39000
Michigan,2023,Coachmen,Chaparral Lite,25RE,30,40000
Michigan,2023,Palomino,Real-Lite,HS-1914,19,29000
Michigan,2024,Coachmen,Catalina Legacy Edition,283RKS,34,29000
Michigan,2024,Coachmen,Freedom Express Ultra Lite,274RKS,32,30000
Michigan,2024,Jayco,White Hawk,26FK,32,30000
Michigan,2024,Jayco,Seismic,403,42,80000
Michigan,2024,Jayco,Seismic,359,42,70000
Michigan,2024,Forest River,Cherokee Wolf Pup,16KHW,24,21000
Michigan,2024,Winnebago,Micro Minnie,2108FBS,22,24000
Minnesota,2001,Dutchmen,Sport,25F,26,5000
Minnesota,2013,Jayco,Jay Feather Ultra Lite,228,26,13000
Minnesota,2013,Keystone,Hideout,38FDDS,40,15000
Minnesota,2014,Shasta,Oasis,25BH,29,10000
Minnesota,2015,Heartland,Wilderness,2375BH,29,14000
Minnesota,2015,Jayco,White Hawk,27DSRL,31,17000
Minnesota,2016,Jayco,Jay Feather,23BHM,26,13000
Minnesota,2016,Forest River,Rockwood Ultra Lite,2604WS,30,15000
Minnesota,2017,Keystone,Bullet Crossfire,2510BH,29,13000
Minnesota,2017,Grand Design,Imagine,3150BH,36,20000
Minnesota,2017,Keystone,Premier Ultra Lite,26RBPR,32,20000
Minnesota,2018,Jayco,Hummingbird,17RK,20,10000
Minnesota,2018,Venture,Sonic Lite,149VML,19,12000
Minnesota,2018,Jayco,Hummingbird,17BH,20,13000
Minnesota,2019,Jayco,Jay Flight SLX 8,212QB,26,15000
Minnesota,2020,Forest River,Wildwood Heritage Glen,22RBHL,27,25000
Minnesota,2020,Starcraft,Super Lite,261BH,31,21000
Minnesota,2021,Dutchmen,Coleman Light,1855RB,23,18000
Minnesota,2021,Jayco,Jay Flight SLX 8,224BH,27,19000
Minnesota,2021,Dutchmen,Kodiak Ultra-Lite,201QB,24,22000
Minnesota,2022,Forest River,Wildwood FSX,179DBKX,22,19000
Minnesota,2022,Starcraft,Super Lite Maxx,16FBS,20,17000
Minnesota,2022,Forest River,Cherokee Grey Wolf,22MKSE,27,19000
Minnesota,2022,Starcraft,Super Lite,242RL,30,22000
Minnesota,2023,Coachmen,Catalina Summit 8,261BH,30,20000
Mississippi,2017,Prime Time,Lacrosse,328RES,38,22000
Mississippi,2017,Keystone,Cougar X-Lite,29RES,33,24000
Mississippi,2018,Forest River,Wildwood,197BH,22,22000
Mississippi,2019,Forest River,Vengeance,381l12-6,43,50000
Mississippi,2019,Forest River,Rockwood Mini Lite,2508,26,17000
Mississippi,2020,Gulf Stream,Vintage Cruiser,19CSK,23,14000
Mississippi,2020,Palomino,Columbus,F383FB,41,41000
Mississippi,2021,Jayco,Melbourne,24T,25,80000
Mississippi,2021,Keystone,Sprinter,330KBS,38,35000
Mississippi,2022,Forest River,No Boundaries,NB20.4,23,24000
Mississippi,2022,Grand Design,Reflection,337RLS,36,45000
Mississippi,2022,Forest River,Salem FSX,179DBKX,22,14000
Mississippi,2022,Keystone,Outback Ultra Lite,244UBH,29,23000
Mississippi,2022,Coachmen,Catalina Legacy,323BHDSCK,37,25000
Mississippi,2022,Jayco,Jay Flight,28BHOK,35,30000
Mississippi,2022,Forest River,Impression,280RL,35,46000
Mississippi,2023,Grand Design,Imagine,2970RL,34,40000
Mississippi,2023,Dutchmen,Coleman Rubicon,1400BH,16,10000
Mississippi,2023,Keystone,Springdale,220RD,26,19000
Mississippi,2024,Forest River,Cherokee Grey Wolf,20RDSE,25,16000
Mississippi,2024,Dutchmen,Colorado,21RDC,26,17000
Mississippi,2024,Prime Time,Avenger LT,17FQS,22,18000
Mississippi,2024,Gulf Stream,Ameri-Lite Ultra Lite,26BHG,30,20000
Mississippi,2024,Dutchmen,Colorado,26BHC,31,24000
Mississippi,2024,Coachmen,Freedom Express Ultra,246RKS,28,32000
Missouri,2013,Heartland,North Country Lakeside,32BHDD,35,19000
Missouri,2017,Coachmen,Clipper Ultra-Lite,17BH,21,12000
Missouri,2017,Dutchmen,Denali Lite,2462RK,29,20000
Missouri,2018,Forest River,Wildwood,187RB,22,14000
Missouri,2019,Keystone,Passport Express,171EXP,20,14000
Missouri,2019,Heartland,Prowler Lynx,25LX,29,19000
Missouri,2020,Forest River,R-Pod,RP-196,22,18000
Missouri,2020,East To West,Della Terra,281BH,35,21000
Missouri,2021,Coachmen,Clipper,12.0TDXL,14,13000
Missouri,2021,Forest River,R-Pod,RP-171,19,14000
Missouri,2021,Heartland,Cyclone,4007,45,63000
Missouri,2021,Forest River,Wildwood X-Lite,171RBXL,23,18000
Missouri,2021,Jayco,Jay Flight SLX 8,264BH,29,20000
Missouri,2022,Forest River,Surveyor Legend,202RBLE,25,24000
Missouri,2022,Dutchmen,Coleman,17B,21,14000
Missouri,2022,Palomino,Palomini,189BHS,23,20000
Missouri,2023,Coachmen,Viking Express,9.0td,13,10000
Missouri,2023,Palomino,River Ranch,393RL,43,70000
Missouri,2023,Braxton Creek,Bushwhacker,12SK,16,13000
Missouri,2023,Dutchmen,Coleman Rubicon Series,1200RK,13,18000
Missouri,2023,Dutchmen,Coleman,17B,21,19000
Missouri,2024,Forest River,Rockwood Ultra Lite,2908RL,35,46000
Missouri,2024,Forest River,Cherokee Alpha Wolf,26RL-L,34,33000
Missouri,2025,Forest River,Aurora Light,16BHX,20,15000
Missouri,2025,Palomino,Puma Camping Edition,121RKCE,16,13000
Montana,2010,Keystone,Hideout,27BHSWE,30,8000
Montana,2015,Forest River,Cardinal,3800Fl,42,35000
Montana,2019,Forest River,No Boundaries,NB16.5,20,14000
Montana,2019,Forest River,Rockwood,A215HW,21,15000
Montana,2020,Jayco,Melbourne Prestige,24TP,25,100000
Montana,2020,Northern Lite,Special Edition,10-2EXSEWB,18,40000
Montana,2020,Forest River,R-Pod West,RP-179,20,22000
Montana,2020,Palomino,Puma Unleashed,383DSS,39,31000
Montana,2021,Forest River,No Boundaries,NB16.6,22,25000
Montana,2021,Gulf Stream,Ameri-Lite,199DD,19,12000
Montana,2021,Forest River,Cherokee Alpha Wolf,26DBH-L,32,27000
Montana,2021,Forest River,Cherokee Alpha Wolf,30DBH-L,37,30000
Montana,2021,Forest River,Cherokee Grey Wolf,26DBH,32,22000
Montana,2021,Heartland,Torque,350,40,50000
Montana,2021,Winnebago,Micro Minnie,2100BH,22,25000
Montana,2022,Conqueror,UEV,490,17,35000
Montana,2022,Coachmen,Freedom Express,29SE,33,33000
Montana,2022,Forest River,Arctic Wolf,327MB,38,46000
Montana,2022,Forest River,Arctic Wolf,3770SUITE,43,47000
Montana,2022,Forest River,Cherokee,274BRB,32,29000
Montana,2022,Forest River,Rockwood Tent,2318G,18,15000
Montana,2022,Forest River,Sandpiper,3660MB,41,64000
Montana,2022,Keystone,Sprinter,32BH,37,40000
Montana,2023,Forest River,Ibex,19MSB,24,30000
Montana,2025,Lance,Travel Trailer,1575,20,55000
Nebraska,2014,Jayco,Eagle,331RETS,38,22000
Nebraska,2016,Keystone,Montana,3791RD,41,37000
Nebraska,2016,Keystone,Summerland,2600TB,29,12000
Nebraska,2017,Winnebago,Micro Minnie,1706FB,17,13000
Nebraska,2017,Winnebago,Micro Minnie,1706FB,19,13000
Nebraska,2017,Winnebago,Minnie,2401RG,28,15000
Nebraska,2017,Keystone,Bullet,272BHS,31,20000
Nebraska,2019,Forest River,Salem,31KQBTS,37,20000
Nebraska,2019,Highland Ridge,Open Range Ultra Lite,Ut3310BH,37,23000
Nebraska,2019,Keystone,Fuzion Impact Edition,29V,34,26000
Nebraska,2021,Keystone,Hideout,262BH,29,16000
Nebraska,2021,Winnebago,Micro Minnie,2108FBS,22,18000
Nebraska,2021,Dutchmen,Colorado,26BHC,31,19000
Nebraska,2021,KZ,Connect SE,C221rbse,27,22000
Nebraska,2022,Grand Design,Imagine XLS,22MLE,26,25000
Nebraska,2022,Coachmen,Catalina Legacy,303QBCK,36,26000
Nebraska,2022,Forest River,Cherokee Alpha Wolf,26RK,33,29000
Nebraska,2023,Forest River,Coachmen Freelander,30BHF,33,90000
Nebraska,2023,Forest River,Rockwood Freedom,1640LTD,12,12000
Nebraska,2023,Palomino,Puma XLE Lite,22FKC,26,25000
Nebraska,2023,Jayco,Jay Flight,280RKS,34,29000
Nebraska,2023,Grand Design,Imagine,2800BH,32,35000
Nebraska,2023,Keystone,Cougar Half-Ton,25RDS,30,36000
Nebraska,2024,Forest River,Clipper Cadet,15CBH,17,14000
Nebraska,2024,Keystone,Cougar Half-Ton,22MLS,27,37000
Nevada,2007,Newmar,Dutch Star,Dsdp4324,43,85000
Nevada,2013,Keystone,Mountaineer,362RLQ,38,30000
Nevada,2013,Dutchmen,Voltage,V3895,43,30000
Nevada,2014,Keystone,Cougar Half-Ton,21RBSWE,26,19000
Nevada,2018,Heartland,Bighorn Traveler,32RS,35,50000
Nevada,2018,Keystone,Sprinter,297FWRLS,35,40000
Nevada,2019,Forest River,Salem Cruise Lite,190RBXL,23,16000
Nevada,2019,Keystone,Hideout,24BHSWE,28,22000
Nevada,2019,Entegra,Coach Qwest,24l,25,100000
Nevada,2019,Forest River,Forester,2501TS,27,73000
Nevada,2021,Jayco,Melbourne,24l,25,105000
Nevada,2022,Winnebago,Micro Minnie,1808FBS,20,28000
Nevada,2022,Heartland,Big Country,3702FB,43,68000
Nevada,2022,Dutchmen,Coleman Lantern,270TQ,32,32000
Nevada,2022,Thor Motor Coach,Axis,24.4,26,80000
Nevada,2023,Dutchmen,Coleman Light,1855RB,23,25000
Nevada,2023,Winnebago,Micro Minnie,1720FB,20,27000
Nevada,2023,Alliance,Avenue,26RD,29,45000
Nevada,2023,Thor Motor Coach,Chateau,31EV,33,110000
Nevada,2023,Nexus,Triumph Super C,30TSC,32,160000
Nevada,2024,Riverside,Retro,179,20,23000
Nevada,2024,Jayco,Jay Feather,19MRK,24,35000
Nevada,2024,Forest River,Forester TS,2381,26,100000
Nevada,2024,Thor Motor Coach,Compass AWD,24KB,26,110000
Nevada,2025,Forest River,Georgetown 5,31l5,35,160000
New Hampshire,2007,Keystone,Cougar X-Lite,29BHS,33,13000
New Hampshire,2008,Keystone,Outback,28RSDS,31,12000
New Hampshire,2011,Forest River,Flagstaff Shamrock,233,24,19000
New Hampshire,2012,Keystone,Cougar X-Lite,30FKV,34,18000
New Hampshire,2014,Keystone,Passport Grand Touring,2300BH,26,12000
New Hampshire,2015,Forest River,Rockwood Roo,183,21,12000
New Hampshire,2015,Keystone,Cougar,301SAB,34,23000
New Hampshire,2015,Jayco,Octane,T26Y,31,18000
New Hampshire,2016,Heartland,Trail Runner,SLE25,29,17000
New Hampshire,2017,Forest River,Rockwood Roo,183,21,20000
New Hampshire,2019,Jayco,Hummingbird,17RK,20,15000
New Hampshire,2019,Forest River,R-Pod,RP-180,20,22000
New Hampshire,2019,Forest River,Aurora,33BKS,21,29000
New Hampshire,2021,Forest River,Independence Trail,172BH,20,19000
New Hampshire,2021,Forest River,R-Pod,RP-195,22,22000
New Hampshire,2021,Coachmen,Catalina Legacy,323BHDSCK,37,43000
New Hampshire,2022,Forest River,Cherokee Grey Wolf,26DJSE,30,19000
New Hampshire,2022,Jayco,Jay Feather Micro,171BH,20,22000
New Hampshire,2022,Keystone,Passport Sl,219BH,26,22000
New Hampshire,2022,Forest River,Vibe,26BH,34,24000
New Hampshire,2022,Forest River,Rockwood Extreme,2280BHESP,19,17000
New Hampshire,2022,Braxton Creek,Bushwhacker Plus,17FD,18,12000
New Hampshire,2023,Grand Design,Imagine XLS,22MLE,26,35000
New Hampshire,2024,Grand Design,Imagine Aim,18BH,22,25000
New Hampshire,2025,Forest River,Aurora,26FKDS,29,36000
New Jersey,2011,Winnebago,Vista,26P,27,40000
New Jersey,2012,Forest River,Surveyor Select,SV-304,34,30000
New Jersey,2015,Jayco,Jay Flight Swift SLX,185RB,20,11000
New Jersey,2015,Dutchmen,Voltage,3970,44,44000
New Jersey,2017,Crossroads,Sunset Trail,270BH,30,15000
New Jersey,2018,Jayco,Jay Flight,29BHDB,34,20000
New Jersey,2019,Grand Design,Reflection,311BHS,37,31000
New Jersey,2020,Forest River,Vengeance Rogue,351A13,44,56000
New Jersey,2021,Forest River,Salem,22RBS,27,20000
New Jersey,2021,Jayco,White Hawk,32RL,37,30000
New Jersey,2021,Forest River,Sandpiper,3440BH,39,50000
New Jersey,2022,Jayco,North Point,377RLBH,43,60000
New Jersey,2022,Forest River,Cedar Creek Cottage,40CBAR,41,50000
New Jersey,2022,Forest River,Salem Cruise Lite,263BHXL,32,27000
New Jersey,2022,Jayco,Jay Flight SLX 8,224BH,27,18000
New Jersey,2022,Winnebago,Micro Minnie,2306BHS,26,23000
New Jersey,2022,Forest River,Salem Hemisphere,356QB,43,43000
New Jersey,2023,Forest River,Cherokee Grey Wolf,23DBH,29,26000
New Jersey,2023,Forest River,Grand Surveyor,267RBSS,31,37000
New Jersey,2023,Forest River,Vibe,32BH,38,36000
New Jersey,2023,Forest River,Cedar Creek Experience,3425RL,39,59000
New Jersey,2023,Crossroads,Hampton,HP378DBB,42,59000
New Jersey,2024,Grand Design,Reflection,297RSTS,34,50000
New Jersey,2024,Thor,Axis,24.1,26,106000
New Jersey,2024,Crossroads,Zinger Lite,Zr18RK,23,18000
New Mexico,2005,Thor Motor Coach,Four Winds,31P,32,25000
New Mexico,2008,Fleetwood,Evolution,E4,35,10000
New Mexico,2014,Thor Motor Coach,Four Winds Super C,35SK,36,85000
New Mexico,2016,Itasca,Navion,24V,25,75000
New Mexico,2018,Heartland,Sundance,269TS,29,35000
New Mexico,2018,Thor Motor Coach,Freedom Elite,22FE,24,50000
New Mexico,2018,Lance,Truck Camper,855S,18,30000
New Mexico,2019,Cruiser,Stryker,ST-2613,31,30000
New Mexico,2019,Dynamax,Isata 3,24CB,25,90000
New Mexico,2020,Highland Ridge,Open Range Ultra Lite,UT2410RL,28,23000
New Mexico,2020,Forest River,Vengeance Rogue,25V,30,27000
New Mexico,2021,Crossroads,Zinger Lite,ZR219RB,26,16000
New Mexico,2021,KZ,Connect SE,C241bhkse,30,23000
New Mexico,2021,Heartland,Lithium,2414,29,25000
New Mexico,2021,Forest River,Ibex,20BHS,25,20000
New Mexico,2022,Keystone,Springdale,242rkwe,29,25000
New Mexico,2022,Keystone,Passport GT,2400RB,29,30000
New Mexico,2022,Jayco,White Hawk,27RB,33,36000
New Mexico,2022,Cruiser,Stryker,ST3414,39,45000
New Mexico,2023,Forest River,No Boundaries,NB19.5,22,28000
New Mexico,2023,Forest River,Ibex,24MTH,30,32000
New Mexico,2023,Entegra,Coach Qwest,24R,25,125000
New Mexico,2024,Sunset Park,Volt,1500,19,29000
New Mexico,2024,Casita,Liberty Deluxe,17,17,30000
New Mexico,2024,Forest River,Cardinal,26RD,30,40000
New York,2009,Jayco,Eagle,320RLDS,36,14000
New York,2014,Gulf Stream,Conquest Lite,19BHC,21,9000
New York,2014,Forest River,Wildwood X-Lite,261BH,29,10000
New York,2015,Keystone,Bullet,220RBI,26,14000
New York,2015,Starcraft,Autumn Ridge,235FB,27,15000
New York,2016,Forest River,Flagstaff Micro Lite,21FBRS,22,13000
New York,2016,Jayco,White Hawk,23MRB,26,16000
New York,2017,Starcraft,Ar-One Maxx,26BH,29,13000
New York,2017,Keystone,Springdale,202QBWE,25,14000
New York,2017,Keystone,Springdale,260LE,29,16000
New York,2018,Jayco,Hummingbird,17BH,20,14000
New York,2018,Riverside,Retro,195,25,14000
New York,2020,Crossroads,Zinger Lite,ZR18RK,22,14000
New York,2020,Venture,Sonic Lite,169VMK,21,16000
New York,2020,Forest River,Cherokee Wolf Pup,18TO,23,17000
New York,2021,Dutchmen,Aspen Trail LE,1760BH,21,11000
New York,2021,Starcraft,Autumn Ridge,19BH,22,12000
New York,2021,Forest River,Cherokee Wolf Pup,16BHS,21,16000
New York,2021,Shasta,Travel Trailer,26BH,30,16000
New York,2021,Dutchmen,Coleman Lantern,274BH,28,17000
New York,2021,Forest River,Ozark,1660FQ,22,17000
New York,2021,Heartland,Trail Runner,251BH,29,17000
New York,2021,Heartland,Trail Runner,251BH,30,18000
New York,2021,Heartland,Trail Runner,251BH,27,18000
New York,2022,Palomino,Puma Ultra Lite,16BHX,22,14000
North Carolina,2016,Coachmen,Apex Nano,187RB,22,10000
North Carolina,2018,Forest River,Cherokee Wolf Pup,16BHS,21,13000
North Carolina,2019,Keystone,Springdale,2600TB,29,16000
North Carolina,2020,Thor Motor Coach,A.C.E.,32.3,32,56000
North Carolina,2020,Winnebago,Micro Minnie,1708FB,21,20000
North Carolina,2020,Winnebago,Navion,24V,24,115000
North Carolina,2021,Lance,Travel Trailer,1985,23,26000
North Carolina,2021,Dutchmen,Astoria,2903BH,34,28000
North Carolina,2021,Grand Design,Imagine,2500RL,30,28000
North Carolina,2021,Keystone,Cougar Half-Ton,22MLS,28,28000
North Carolina,2022,Coachmen,Catalina Legacy,293QBCK,33,29000
North Carolina,2022,Coachmen,Spirit,2145RBX,21,24000
North Carolina,2022,Highland Ridge,Open Range,16FBS,16,20000
North Carolina,2022,Shasta,Travel Trailer,25RB,25,25000
North Carolina,2022,Jayco,Jay Flight SLX,174BH,22,16000
North Carolina,2022,Keystone,Passport GT,2704RK,32,28000
North Carolina,2023,Venture,Sporttrek,ST251VRK,28,28000
North Carolina,2023,Forest River,Rockwood Geo Pro,G19FD,21,29000
North Carolina,2024,Coachmen,Spirit Bijou,18RBB,22,23000
North Carolina,2024,Forest River,Ibex,23BHEO,23,25000
North Carolina,2024,Jayco,Jay Feather Micro,173MRB,17,25000
North Carolina,2024,Jayco,Jay Flight,235MBH,28,27000
North Carolina,2024,Heartland,Mallard,M26,32,29000
North Carolina,2025,Winnebago,Micro Minnie,2108FBS,21,34000
North Carolina,2025,Grand Design,Transcend One,151RB,20,19000
North Dakota,2009,Keystone,Montana Mountaineer,32PRD,35,16000
North Dakota,2010,Gulfstream,Innsbruck,32TBR,36,12000
North Dakota,2011,Gulfstream,Streamlite,26QBS,27,15000
North Dakota,2014,Forest River,Cherokee Grey Wolf,25RR,28,18000
North Dakota,2015,Gulfstream,Streamlite,32TSI,37,26000
North Dakota,2015,Crossroads,Cruiser,345H,38,27000
North Dakota,2015,KZ,Spree,262RKS,29,18000
North Dakota,2016,Keystone,Cougar,326SRX,38,31000
North Dakota,2016,Jayco,Jay Flight,19RD,23,15000
North Dakota,2017,KZ,Sportsmen Sportster,S315TH12,37,30000
North Dakota,2017,Heartland,Cyclone,3513,39,45500
North Dakota,2018,Heartland,Charleston,365,41,59000
North Dakota,2018,Keystone,Cougar,28SGSXL,31,27000
North Dakota,2018,Heartland,Prowler,281P,33,18500
North Dakota,2019,KZ,Durango Gold,G382MBQ,40,67000
North Dakota,2019,Jayco,Pinnacle,36FBTS,39,55000
North Dakota,2019,Jayco,White Hawk,23MRB,28,28000
North Dakota,2019,Crossroads,Volante,3201K,36,34000
North Dakota,2019,Gulf Stream,Vintage Cruiser,23BHS,26,23000
North Dakota,2020,Highland Ridge,Open Range Light,LT312BHS,37,35000
North Dakota,2022,Palomino,Puma,295BHSS,34,32000
North Dakota,2022,East To West,Tandara,285RL,33,40000
North Dakota,2023,Grand Design,Reflection,295RL,33,51000
North Dakota,2023,Thor Motor Coach,Challenger,37FH,39,196000
North Dakota,2024,Keystone,Cougar,316RLS,38,78000
Ohio,2010,Gulf Stream,Canyon Trail,27FRES,28,13000
Ohio,2013,Forest River,Cardinal,3450RL,40,29000
Ohio,2013,Forest River,Dynamax Trilogy,3800Rl,42,33000
Ohio,2013,Forest River,Dynamax Trilogy,3800Rl,35,34000
Ohio,2014,Jayco,Eagle Premier,351MKTS,40,26000
Ohio,2015,Forest River,Rockwood Ultra,8289WS,32,26000
Ohio,2015,Keystone,Montana,3402Rl,40,33000
Ohio,2016,Forest River,Cherokee Grey Wolf,26RR,31,17000
Ohio,2017,Forest River,Flagstaff Classic,8528RKWS,32,26000
Ohio,2018,Forest River,Wildcat,29RLX,33,25000
Ohio,2018,Forest River,Cherokee Arctic,285DRl4,31,29000
Ohio,2018,Heartland,Sundance,289TS,31,32000
Ohio,2018,Keystone,Montana,3721RL,40,40000
Ohio,2019,Keystone,Cougar Half-Ton,29RKS,33,28000
Ohio,2019,Jayco,Eagle,25.5REOK,29,32000
Ohio,2019,Keystone,Cougar Half-Ton,29RKS,33,35000
Ohio,2020,Keystone,Cougar Half-Ton,25RES,29,24000
Ohio,2020,Keystone,Cougar Half-Ton,32BHS,36,29000
Ohio,2021,Keystone,Cougar Half-Ton,27SGS,31,35000
Ohio,2021,Vanleigh,Pinecrest,335RLP,34,45000
Ohio,2022,Jayco,Eagle,335RDOK,38,50000
Ohio,2023,Keystone,Cougar Half-Ton,24RDS,29,37000
Ohio,2023,Grand Design,Solitude S-Class,2930RL-R,34,60000
Ohio,2023,Jayco,North Point,377RLBH,43,76000
Ohio,2025,Keystone,Cougar Half-Ton,29RLI,33,50000
Oklahoma,2014,Jayco,Greyhawk,31FK,32,42000
Oklahoma,2015,Keystone,Montana Big Sky,3725RL,40,41000
Oklahoma,2016,Starcraft,Travel Star,239TBS,34,15000
Oklahoma,2018,KZ,Sportsmen LE,260BHLE,30,15000
Oklahoma,2018,Forest River,Rockwood Mini,2104S,22,17000
Oklahoma,2018,Jayco,White Hawk,23MRB,28,20000
Oklahoma,2018,Forest River,Forester MBS,2401WS,25,70000
Oklahoma,2019,Jayco,Jay Feather,23BHM,29,20000
Oklahoma,2020,Keystone,Montana,3561RL,38,60000
Oklahoma,2021,KZ,Durango,D326RLT,38,49000
Oklahoma,2021,Jayco,Seismic,4113,46,78000
Oklahoma,2021,Keystone,Bullet Crossfire,1700BH,21,15000
Oklahoma,2022,Forest River,Cherokee Arctic,3990,43,46000
Oklahoma,2023,Dutchmen,Astoria,3803FLP,42,67000
Oklahoma,2023,Keystone,Montana,3901RK,42,83000
Oklahoma,2023,Riverside,Intrepid,240BHI,28,25000
Oklahoma,2023,Coachmen,Pursuit,29SS,30,110000
Oklahoma,2023,Alliance,Avenue,37MBR,39,58000
Oklahoma,2023,Crossroads,Sunset Trail,SS253RB,29,30000
Oklahoma,2023,Dutchmen,Astoria,2203RB,27,35000
Oklahoma,2023,Forest River,Arctic Wolf,291RL,34,37000
Oklahoma,2024,Palomino,Puma,31FKRK,38,38000
Oklahoma,2024,Forest River,Forester LE,2151SLE,25,80000
Oklahoma,2025,Keystone,Cougar Half-Ton,30RKD,35,43000
Oklahoma,2025,Winnebago,Ekko Sprinter,23B,24,200000
Oregon,2019,Keystone,Bullet,308BH,36,35000
Oregon,2019,Keystone,Springdale,1790FQ,21,30000
Oregon,2019,Dutchmen,Kodiak Cub,175BH,21,20000
Oregon,2020,Coachmen,Catalina,261BH,30,23500
Oregon,2020,Forest River,Wildcat Maxx,313MBX,36,34500
Oregon,2020,Thor Motor Coach,Four Winds,23U,25,60000
Oregon,2021,Forest River,Arctic Wolf,3770SUITE,43,50000
Oregon,2021,Forest River,Nobo,19.6,25,29500
Oregon,2021,Forest River,Sandstorm,251,31,39500
Oregon,2022,Coleman,Rubicon,1708BH,21,35000
Oregon,2022,Forest River,Surveyor,19BHLE,24,27500
Oregon,2022,Gulf Stream,Enlighten,25BH,27,25000
Oregon,2022,Keystone,Springdale,1760BH,21,17500
Oregon,2022,Winnebago,Micro Minnie,2306BHLX,25,35000
Oregon,2022,Sandstorm,Toy Hauler,251SLC,31,50000
Oregon,2022,Palomino,Puma,31QBBH,38,34500
Oregon,2022,Forest River,Ibex,19MBH,24,27500
Oregon,2023,Coachmen,Apex,208BHS,25,35000
Oregon,2023,Dutchmen,Coleman,3215BH,34,40000
Oregon,2023,Fleetwood,Mallard,P17QBH,21,27000
Oregon,2023,Forest River,Cherokee Wolf Pup,16QB,22,22500
Oregon,2023,Forest River,Cherokee Wolf Pup,16QB,30,42500
Oregon,2024,Forest River,Vibe,26RL,33,42500
Oregon,2025,Heartland,Corterra,26.2RB,31,40000
Oregon,2025,Heartland,Corterra,29.2QB,34,40000
Pennsylvania,2016,Prime Time,Crusader Lite,28RL,32,17000
Pennsylvania,2018,Forest River,Cherokee Arctic,305ML6,35,26000
Pennsylvania,2018,Forest River,Salem Hemisphere,311QB,38,20000
Pennsylvania,2018,Forest River,Wildwood X-Lite,171RBXL,22,10000
Pennsylvania,2019,Dutchmen,Kodiak Cub,175BH,31,15500
Pennsylvania,2019,Highland,Ridge Open Range 3X,387RBS,42,65000
Pennsylvania,2019,Keystone,Cougar,367FLS,39,30000
Pennsylvania,2020,Jayco,Eagle,317RLOK,37,36000
Pennsylvania,2020,Dutchmen,Aspen Trail,3251THS,37,19000
Pennsylvania,2021,Grand Design,Reflection,29RS,31,27000
Pennsylvania,2021,Heartland,Milestone,317RL,36,34000
Pennsylvania,2021,Keystone,Cougar Half-Ton,25RES,29,32000
Pennsylvania,2021,Forest River,Cedar Creek,345IK,37,53000
Pennsylvania,2021,Forest River,Vengeance Rogue,32V,39,39000
Pennsylvania,2022,Forest River,Salem FSX,260RT,28,35000
Pennsylvania,2022,Grand Design,Reflection,320MKS,35,42000
Pennsylvania,2022,Grand Design,Reflection,303RLS,33,42000
Pennsylvania,2022,Grand Design,Reflection,260RD,30,40000
Pennsylvania,2022,Jayco,Pinnacle,36FBTS,41,57000
Pennsylvania,2022,Grand Design,Reflection,31MB,36,42000
Pennsylvania,2023,Vanleigh,Beacon,42RDB,47,100000
Pennsylvania,2023,Grand Design,Reflection,297RSTS,34,47000
Pennsylvania,2024,Alliance,Paradigm,310RL,35,75000
Pennsylvania,2024,Dutchmen,Aspen Trail,3300RKS,38,28000
Pennsylvania,2024,Winnebago,Voyage,V3538BR,39,50000
Rhode Island,2013,Forest River,Flagstaff,26RLSS,30,10000
Rhode Island,2015,Keystone,Montana,3160Rl,36,37000
Rhode Island,2015,Forest River,Flagstaff Classic,832IKBS,35,12000
Rhode Island,2017,Forest River,Rockwood Signature,8301WS,34,24000
Rhode Island,2017,Jayco,Jay Flight SLX,242BHSW,29,12000
Rhode Island,2017,Forest River,Flagstaff Micro,25KS,26,15000
Rhode Island,2018,Keystone,Montana,3121RL,36,40000
Rhode Island,2018,Keystone,Montana,3950BR,40,49000
Rhode Island,2018,Starcraft,Launch,16RB,18,13000
Rhode Island,2019,Coachmen,Prism,2150CB,25,60000
Rhode Island,2019,Forest River,Wildwood X-Lite,171RBXL,22,15000
Rhode Island,2021,Cruiser,Stryker,ST-2613,31,38000
Rhode Island,2021,Forest River,Flagstaff E-Pro,E19FD,20,18000
Rhode Island,2021,Keystone,Outback Ultra Lite,221UMD,27,22000
Rhode Island,2021,Lance,Travel Trailers,1575,28,28000
Rhode Island,2022,Keystone,Montana,3231CK,37,62000
Rhode Island,2022,Thor Motor Coach,Vegas,25.6,27,80000
Rhode Island,2022,Thor Motor Coach,Chateau,25M,25,75000
Rhode Island,2022,Forest River,Wildwood X-Lite,263BHXL,32,26000
Rhode Island,2022,Winnebago,Micro Minnie,2225RL,25,26000
Rhode Island,2022,Forest River,Flagstaff,26RKBS,29,33000
Rhode Island,2023,Jayco,Redhawk,24B,27,83000
Rhode Island,2023,Winnebago,View,24J,26,133000
Rhode Island,2023,Forest River,Wildwood FSX,167RBK,21,20000
Rhode Island,2024,Keystone,Springdale Classic,260BHC,29,22000
South Carolina,2016,Keystone,Montana,3811MS,40,40000
South Carolina,2017,Keystone,Montana,3820FK,41,44000
South Carolina,2017,Keystone,Montana,3731FL,40,54000
South Carolina,2018,Heartland,Bighorn,3160EL,36,43000
South Carolina,2019,Keystone,Montana,3791RD,40,50000
South Carolina,2020,Forest River,Cedar Creek,31IK,35,47000
South Carolina,2021,KZ,Sportsmen LE,270THLE,31,30000
South Carolina,2021,Sunset Park,Sunray,19FC,20,12000
South Carolina,2021,Heartland,Trail Runner,211RD,25,13000
South Carolina,2022,Keystone,Cougar Half-Ton,29MBS,33,39000
South Carolina,2022,Forest River,Wildcat,260RD,32,39000
South Carolina,2022,Grand Design,Reflection,311BHS,37,46000
South Carolina,2022,Grand Design,Reflection,341RDS,37,49000
South Carolina,2022,Forest River,Wildcat,333RLBS,36,50000
South Carolina,2022,Heartland,Big Country,3155RLK,36,52000
South Carolina,2022,Alliance,Paradigm,310RL,34,55000
South Carolina,2022,Cruiser,Stryker,ST2613,31,39000
South Carolina,2023,Grand Design,Solitude S-Class,2930RL,34,60000
South Carolina,2023,Forest River,Cedar Creek,377BH,42,65000
South Carolina,2024,Grand Design,Reflection,260RD,30,40000
South Carolina,2024,Coachmen,Chaparral Lite,30BHS,37,45000
South Carolina,2024,Jayco,Eagle,28.5RSTS,33,49000
South Carolina,2024,Heartland,Pioneer,BH270,27,25000
South Carolina,2024,Brinkley,Model Z,3110,35,80000
South Carolina,2025,Jayco,Eagle,26REC,29,40000
South Dakota,2021,Alliance,Paradigm,365RD,40,62500
South Dakota,2021,Dutchmen,Kodiak Cub,175BH,22,18000
South Dakota,2021,Forest River,Cherokee Wolf Pup,16FQ,27,14000
South Dakota,2021,Forest River,Riverstone,39RKFB,43,40000
South Dakota,2021,Forest River,Vengeance Rogue,26VKS,34,32500
South Dakota,2021,Heartland,North Trail Ultra,33RETS,40,31000
South Dakota,2022,Alliance,Avenue,31BHS,34,50000
South Dakota,2022,Alliance,Valor,41V15,44,72000
South Dakota,2022,Coachmen,Apex Travel 8' Wide,266BHS,33,30500
South Dakota,2022,Crossroads,Zinger,ZR292RE,34,29000
South Dakota,2022,Dutchmen,Coleman Light,2515RL,30,26500
South Dakota,2022,Ember,Overland Series,171FB,21,26500
South Dakota,2022,Forest River,Cherokee Grey Wolf,23DBH,30,20000
South Dakota,2022,Forest River,No Boundaries,NB19.1,25,24500
South Dakota,2022,Forest River,Sabre,38DBQ,43,55000
South Dakota,2022,Forest River,Wildwood West,29VBUD,36,26500
South Dakota,2022,Heartland,Trail Runner,251BH,30,14000
South Dakota,2022,Keystone,Fuzion,369,39,80000
South Dakota,2022,Keystone,Hideout,177RD,22,11000
South Dakota,2022,Keystone,Sprinter Limited,330kbs,38,40000
South Dakota,2022,Venture,Sonic,SN211VDB,27,24000
South Dakota,2023,Forest River,Flagstaff E-Pro,E15TB,16,20000
South Dakota,2023,Forest River,Flagstaff E-Pro,E19FDS,20,25000
South Dakota,2023,Forest River,Wildwood FSX,179DBXK,23,20000
South Dakota,2024,Dutchmen,Coleman,17B,21,14000
Tennessee,2016,Forest River,Cherokee Wolf Pup,16BHS,22,9000
Tennessee,2017,Grand Design,Imagine,2150RB,27,14000
Tennessee,2018,Keystone,Hideout Single Axle,177LHS,21,9000
Tennessee,2019,Forest River,Cherokee Wolf Pup,16FQ,21,11000
Tennessee,2019,Dutchmen,Aspen Trail,1900RB,25,12000
Tennessee,2019,Forest River,Rockwood Signature,8327SS,35,28000
Tennessee,2020,Keystone,Montana Legacy,3761FL,41,70000
Tennessee,2020,Starcraft,Autumn Ridge,182RB,23,15500
Tennessee,2020,Forest River,Cherokee Alpha Wolf,23RD-L,29,21000
Tennessee,2020,Forest River,Cherokee,304BS,36,30000
Tennessee,2021,Coachmen,Clipper Cadet,16CFB,18,10000
Tennessee,2022,Keystone,Springdale Mini,1860SS,23,14000
Tennessee,2022,Forest River,Cherokee Wolf Pup,16BHS,21,15000
Tennessee,2022,Forest River,Cherokee Grey Wolf,26DJSE,30,17000
Tennessee,2022,Keystone,Hideout Single Axle,176BH,21,17000
Tennessee,2022,Grand Design,Imagine,2800BH,32,30000
Tennessee,2022,Forest River,Cherokee Wolf Pup,17JG,23,18000
Tennessee,2022,Forest River,Cherokee Wolf Pup,17JG,30,18000
Tennessee,2022,Forest River,Cherokee Grey Wolf,26BRB,33,21000
Tennessee,2022,Forest River,Cherokee Grey Wolf,26DBH,32,27000
Tennessee,2022,Forest River,Cherokee Grey Wolf,23MK,29,29000
Tennessee,2022,Coachmen,Freedom Express,259FKDS,30,31000
Tennessee,2023,Keystone,Hideout Single Axle,175BH,21,18000
Tennessee,2023,Forest River,Rockwood Geo Pro,G19FDS,21,24000
Tennessee,2024,Forest River,Cherokee Wolf Pup,16FQW,22,17000
Texas,2020,Coachmen,Viking Ultra-Lite,28RLDS,28,25000
Texas,2021,Alliance,Paradigm,340RL,34,55000
Texas,2021,Black Series,Travel Trailer,HQ21,21,38000
Texas,2021,DRV,Mobile Suites,36RKSB,36,100000
Texas,2021,Dutchmen,Voltage,4145,41,75000
Texas,2021,Forest River,Flagstaff Super Lite,528MBS,28,43000
Texas,2021,Forest River,Sierra Luxury,383RBLOK,38,58000
Texas,2021,Forest River,Vengeance Rogue,351,35,55000
Texas,2021,Keystone,Fuzion Impact Edition,367,36,50000
Texas,2022,Cruiser,Shadow Cruiser,225RBS,27,30000
Texas,2022,Forest River,Sabre,36BHQ,36,53000
Texas,2022,Forest River,Wildwood FSX Midwest,270RTKX,29,32000
Texas,2022,Gulf Stream,Kingsport Ultra-Lite,279BH,27,23000
Texas,2022,Heartland,Milestone,360HP,40,45000
Texas,2022,Highland Ridge,Mesa Ridge,314RLS,31,50000
Texas,2022,Palomino,Puma,32dBTS,32,35000
Texas,2022,Riverside,Xplorer,165X,16,15000
Texas,2022,Tiffin Motorhomes,Wayfarer,25RW,25,120000
Texas,2023,Cruiser,Shadow Cruiser,215RBS,24,30000
Texas,2023,Forest River,Riverstone,39RKFB,39,120000
Texas,2023,Forest River,Salem Grand Villa,42FLDL,42,60000
Texas,2023,Palomino,Puma,26FKDS,26,36000
Texas,2023,Riverside,Xplorer,190BHX,19,20000
Texas,2023,Riverside,Xplorer,190BHX,31,100000
Texas,2023,Thor Motor Coach,Four Winds,31W,31,110000
Utah,2013,Tiffin,Allegro,32CA,33,60000
Utah,2015,Thor Motor Coach,Windsport,27K,29,48000
Utah,2017,Dutchmen,Coleman Lantern,202RDWE,25,15000
Utah,2018,Forest River,Cardinal,3350RL,36,40000
Utah,2018,Keystone,Alpine,3400RS,36,39000
Utah,2018,Prime Time,Avenger,26BH,29,14000
Utah,2018,Forest River,Wildcat Maxx,245RGX,29,20000
Utah,2019,Jayco,Jay Flight SLX 8,232RB,27,19000
Utah,2019,Cruiser,Shadow Cruiser,220DBS,26,17000
Utah,2020,Winnebago,Adventurer,30T,31,70000
Utah,2021,Palomino,Columbus,329DVC,38,46000
Utah,2021,Outdoor,Timber Ridge Mountain,26KVS,31,36000
Utah,2021,Black Series,Travel Trailer,HQ19,26,38000
Utah,2022,Alliance,Paradigm,295MK,33,79000
Utah,2022,Highland Ridge,Open Range,OF374BHS,41,55000
Utah,2022,Jayco,Eagle,24RE,29,36000
Utah,2022,Keystone,Bullet,29BHPR,34,28000
Utah,2022,Dutchmen,Coleman Lantern,300TQ,35,29000
Utah,2022,Forest River,Stealth,FQ2916G,36,53000
Utah,2023,Forest River,Rockwood Signature,2442BS,29,40000
Utah,2023,Eclipse,Attitude Pro-Lite,2816SAG,31,57000
Utah,2023,Grand Design,Momentum M-Class,351MS,42,90000
Utah,2024,Alliance,Paradigm,395DS,42,92000
Utah,2024,Starcraft,Autumn Ridge,26RLS,30,30000
Utah,2025,Grand Design,Reflection,270BN,30,54000
Vermont,2007,Jayco,Jay Flight,27.5BHS,29,7000
Vermont,2012,Forest River,Surveyor Select,SV-301,36,16000
Vermont,2014,Prime Time,Sanibel,3501,39,26000
Vermont,2015,Heartland,Sundance,3380RL,38,24000
Vermont,2015,Jayco,Eagle,27.5RLTS,31,22000
Vermont,2015,Coachmen,Freedom Express,282BHDS,32,18000
Vermont,2016,Dutchmen,Coleman Lantern Series,235QB,27,18000
Vermont,2017,Riverside,White Water,260BH,28,12000
Vermont,2017,Jayco,Jay Feather,23RBM,26,15000
Vermont,2018,Heartland,Bighorn,3870FB,43,43000
Vermont,2018,Jayco,Eagle,26.5RLDS,31,27000
Vermont,2018,Forest River,Rockwood Roo,21DK,22,20000
Vermont,2019,Jayco,Eagle HTX,28RSX,33,37000
Vermont,2019,Crossroads,Cameo,Ce3701RL,40,44000
Vermont,2019,Forest River,Cherokee Wolf Pup,16FQ,21,15000
Vermont,2019,Dutchmen,Kodiak Ultra-Lite,201QB,24,22000
Vermont,2020,Forest River,Cherokee,304BH,37,27000
Vermont,2021,Forest River,R Pod,RP-192,22,24000
Vermont,2022,Keystone,Hideout Single Axle,177RD,21,17000
Vermont,2022,Coachmen,Freedom Express,246RKS,28,23000
Vermont,2022,Forest River,No Boundaries,NB19.3,24,26000
Vermont,2023,Keystone,Hideout,26BHS,31,25000
Vermont,2023,Crossroads,Sunset Trail,SS331BH,38,50000
Vermont,2024,Cruiser,Essence,E-28DB,33,40000
Vermont,2024,Forest River,Aurora,16RBX,20,14000
Virginia,2018,Keystone,Cougar X-Lite,29BHS,34,20000
Virginia,2018,Forest River,Wildwood Heritage,272RL,34,22000
Virginia,2019,Forest River,Cedar Creek Champagne,38EFK,42,56000
Virginia,2019,Keystone,Cougar,368MBI,39,30000
Virginia,2020,Prime Time,Avenger,24BHS,28,15000
Virginia,2021,Coachmen,Freedom Express,259FKDS,30,23000
Virginia,2022,Forest River,Impression,240RE,31,27000
Virginia,2022,Dutchmen,Astoria,2703RB,32,25000
Virginia,2022,Grand Design,Reflection,268BH,32,36000
Virginia,2022,Grand Design,Reflection,260RD,30,34000
Virginia,2022,Dutchmen,Kodiak Ultra-Lite,227BH,27,25000
Virginia,2022,Grand Design,Imagine,2910BH,34,30000
Virginia,2022,Jayco,Jay Flight,28BHS,33,25000
Virginia,2022,Cruiser,MPG,2780RE,32,30000
Virginia,2022,Winnebago,Micro Minnie,2108DS,23,22000
Virginia,2022,Coachmen,Freedom Express,246RKS,28,23000
Virginia,2023,KZ,Durango,D311BHD,37,56000
Virginia,2023,Alliance,Avenue,28BH,32,44000
Virginia,2023,Keystone,Avalanche,360FL,40,65000
Virginia,2023,Keystone,Outback Ultra Lite,210URS,23,26000
Virginia,2023,Heartland,Mallard,210RB,22,22000
Virginia,2023,Grand Design,Imagine,2500RL,30,35000
Virginia,2024,Grand Design,Reflection,270BN,30,42000
Virginia,2024,Forest River,Salem,28VIEW,35,32000
Virginia,2024,Forest River,Campsite Reserve,25MW,30,30000
Washington,2014,Airstream,Flying Cloud,25FB,26,50000
Washington,2015,Leisure Travel,Unity,U24IB,25,95000
Washington,2016,Keystone,Montana High Country,374FL,42,40000
Washington,2016,Winnebago,View,24G,25,80000
Washington,2016,Jayco,Precept,35S,37,35000
Washington,2017,Grand Design,Reflection,311BHS,37,30000
Washington,2017,Jayco,Jay Flight SLX,195RB,22,13500
Washington,2018,Jayco,White Hawk,29FLS,34,30000
Washington,2019,Forest River,Cherokee Cascade,16BHS,21,16500
Washington,2020,Jayco,Jay Flight SLX,175RD,21,15000
Washington,2020,Jayco,Jay Flight SLX,175RD,30,40000
Washington,2020,Forest River,Sunseeker MBS,2400B,25,100000
Washington,2020,Jayco,Melbourne Prestige,24TP,25,100000
Washington,2021,Forest River,EVO Lite,2260BHX,28,22000
Washington,2021,Forest River,Wildcat,247RKX,31,33000
Washington,2021,Jayco,Eagle,284BHOK,35,40000
Washington,2021,Jayco,White Hawk,24MBH,29,30000
Washington,2021,Jayco,White Hawk,26RK,32,33000
Washington,2021,Jayco,Eagle,355MBQS,42,50000
Washington,2021,Jayco,Melbourne,24l,25,88000
Washington,2022,Forest River,Wildcat,303MBX,36,45000
Washington,2022,Keystone,Springdale Mini,1750RD,21,18000
Washington,2023,Jayco,Jay Flight SLX,242BHSW,29,28000
Washington,2023,Starcraft,Super Lite,252RB,31,33000
Washington,2023,Jayco,Eagle,27RL,32,40000
West Virginia,2022,Alliance,Avenue,31BHS,34,47000
West Virginia,2022,Coachmen,Catalina Legacy,263BHSCK,33,29000
West Virginia,2023,Alliance,Delta,262RB,30,35000
West Virginia,2023,Forest River,Cherokee Arctic Wolf,327MB,39,40000
West Virginia,2023,Forest River,Flagstaff Micro Lite,21FBRS,22,27000
West Virginia,2023,Forest River,Cherokee Grey Wolf,23MK,29,27000
West Virginia,2023,Forest River,Rockwood Tent,2514F,19,14000
West Virginia,2023,Forest River,Salem Hemisphere,22RKHL,28,35000
West Virginia,2023,Forest River,Salem Hemisphere,25RBHL,31,35000
West Virginia,2023,Forest River,Wildwood Heritage,308RL,40,46000
West Virginia,2023,Grand Design,Imagine XLS,23BHE,28,27500
West Virginia,2023,Palomino,Puma Ultra Lite,18RKX,24,27000
West Virginia,2023,Palomino,Puma XLE Lite,7RBQC,23,23000
West Virginia,2023,Starcraft,GSL,296BHS,36,48000
West Virginia,2024,Alliance,Paradigm,395DS,43,100000
West Virginia,2024,Alliance,Valor,40V13,45,92000
West Virginia,2024,Coachmen,Catalina,164BHX,20,20000
West Virginia,2024,Dutchmen,Coleman,17B,21,15000
West Virginia,2024,Forest River,R-Pod Classic,RP-171C,19,21000
West Virginia,2024,Forest River,R-Pod Lite,RP-192,22,30000
West Virginia,2024,Forest River,Salem Hemisphere,270FKS,34,45000
West Virginia,2024,Keystone,Hideout Sport Double,200RL,25,17000
West Virginia,2024,Keystone,Springdale Classic,200RLC,25,20000
West Virginia,2024,Palomino,Puma,31RLQS,36,42000
West Virginia,2025,Keystone,Cougar Half-Ton,33RLI,38,45000
Wisconsin,2010,DRV,Luxury Suites Select,36RS3,37,22000
Wisconsin,2012,Keystone,Outback,279RBS,32,16000
Wisconsin,2012,Winnebago,View,24J,26,70000
Wisconsin,2013,Gulf Stream,Gulfstream Ameri-Lite,14RBC,17,7000
Wisconsin,2017,Travel Lite,Falcon,F20,20,10000
Wisconsin,2018,Highland Ridge,Open Range Ultra Lite,2804RK,32,19000
Wisconsin,2019,Keystone,Premier,26UDPR,31,25000
Wisconsin,2020,East To West,Della Terra 27,K2D,34,18000
Wisconsin,2021,Coachmen,Spirit Ultra Lite,2557RB,29,25000
Wisconsin,2021,Coachmen,Freelander,27QB,30,44000
Wisconsin,2022,Crossroads,Sunset Trail,222RB,27,28000
Wisconsin,2022,Forest River,Independence Trail,172BH,28,18000
Wisconsin,2022,Keystone,Bullet Crossfire,1850RB,22,19000
Wisconsin,2022,Starcraft,Super Lite,242RL,30,21000
Wisconsin,2022,Riverside,Intrepid,171RDI,22,16000
Wisconsin,2022,Riverside,Intrepid,211I,24,17000
Wisconsin,2022,Grand Design,Transcend Xplor,297QB,36,20000
Wisconsin,2022,Forest River,Ibex,20BHS,25,22000
Wisconsin,2022,Forest River,No Boundaries,NB10.6,14,20000
Wisconsin,2022,Forest River,Ozark,2500THX,29,22000
Wisconsin,2023,Forest River,R-Pod,M203,25,26000
Wisconsin,2023,Grand Design,Transcend Xplor,245RL,31,27000
Wisconsin,2023,Riverside,Retro,210,23,18000
Wisconsin,2023,Riverside,Intrepid,210I,23,19000
Wisconsin,2023,Coachmen,Freedom Express,252RBS,30,26000
Wyoming,2017,Forest River,Rockwood Mini Lite,1905,20,15000
Wyoming,2017,Keystone,Sprinter Campfire,26RB,30,17000
Wyoming,2017,Dutchmen,Coleman Lantern,263BH,31,14000
Wyoming,2018,Heartland,Edge,ED351JM,39,49000
Wyoming,2018,Forest River,XLR Thunderbolt,340AMP,40,55000
Wyoming,2019,Keystone,Springdale,220BHWE,27,24500
Wyoming,2019,Coachmen,Leprechaun,22QB,25,50000
Wyoming,2019,Keystone,Impact,3118,36,35000
Wyoming,2019,Forest River,Wildwood FSX,260RT,29,20500
Wyoming,2019,Coachmen,Catalina,293QBCK,33,15000
Wyoming,2020,Forest River,Vengeance Rogue,311A13WS,30,70000
Wyoming,2021,Cruiser,MPG,2550RB,31,26000
Wyoming,2022,Forest River,Wildcat,276FKX,34,42000
Wyoming,2022,Forest River,XLR Boost,21QBS,27,40000
Wyoming,2022,Forest River,Rockwood Roo,19,27,25000
Wyoming,2022,Jayco,Eagle,28.5RSTS,33,55000
Wyoming,2022,Forest River,Vengeance Rogue,29KS-16,36,37500
Wyoming,2022,Jayco,Jay Feather,25RB,31,27000
Wyoming,2023,Keystone,Avalanche,378BH,41,70000
Wyoming,2023,Grand Design,Solitude,345GK,37,80000
Wyoming,2023,Prime Time,Avenger,28QBSLE,34,30000
Wyoming,2023,Jayco,White Hawk,29BH,35,38000
Wyoming,2024,Keystone,Cougar,316RLS,36,60000
Wyoming,2024,Forest River,Ozark,1650BHK,22,27000
Wyoming,2024,Forest River,Salem,29VIEW,35,38000